Language,Title,Short Description,Full Description
en-US,"DoseFlow: Pill & Water Tracker","1-tap medication logger, water tracker & pill reminders with local privacy.","DoseFlow is your minimalist, privacy-first medication logger and water hydration tracker designed to keep your daily health routine effortless and organized.

Key Features:
- 1-Tap Medication & Pill Logging: Mark doses as taken, skipped, or snoozed instantly.
- Smart Pill Reminders: Timely notifications ensure you never miss a dose.
- Hydration & Water Tracker: Track your daily water intake alongside your medications.
- Complete Privacy: All health logs and records stay 100% stored on your local device. No account creation required.
- Detailed History & Reports: View your daily adherence logs, streak stats, and monthly history.
- Clean & Intuitive UI: Modern Material 3 dark and light design with high contrast and smooth interactions.

Take control of your daily wellness with DoseFlow today!"
es-ES,"DoseFlow: Pastillas y Agua","Recordatorio de medicamentos, control de agua y seguimiento de salud privado.","DoseFlow es tu registrador de medicamentos y seguimiento de hidratación minimalista, diseñado para mantener tu rutina de salud diaria organizada y sin esfuerzo.

Características principales:
- Registro de medicamentos en 1 toque: Marca tomas como completadas, omitidas o pospuestas.
- Recordatorios inteligentes: Notificaciones puntuales para no olvidar ninguna toma.
- Control de agua e hidratación: Registra tu consumo diario de agua junto a tus medicinas.
- Privacidad total: Todos tus registros permanecen 100% guardados en tu dispositivo. Sin cuentas ni registros.
- Historial y estadísticas: Consulta tu adherencia diaria, rachas e historial mensual.
- Diseño intuitivo: Interfaz moderna Material 3 con tema claro y oscuro de alto contraste.

¡Toma el control de tu bienestar diario con DoseFlow hoy mismo!"
fr-FR,"DoseFlow: Pilules & Eau","Rappel de médicaments, suivi d'hydratation et journal de santé privé.","DoseFlow est votre journal de médicaments et de suivi d'hydratation minimaliste, conçu pour simplifier votre routine de santé au quotidien.

Fonctionnalités principales :
- Suivi des médicaments en 1 clic : Marquez vos prises comme prises, sautées ou reportées.
- Rappels intelligents : Des notifications opportunes pour ne jamais oublier vos doses.
- Suivi de l'eau et de l'hydratation : Enregistrez votre consommation d'eau quotidienne.
- Confidentialité totale : Vos données restent 100% stockées localement sur votre appareil.
- Historique et rapports : Consultez votre assiduité quotidienne, séries et statistiques.
- Design moderne : Interface Material 3 épurée avec modes clair et sombre.

Prenez soin de votre santé au quotidien avec DoseFlow !"
de-DE,"DoseFlow: Pillen & Wasser","Medikamenten-Erinnerung, Wassertracker und privates Gesundheitstagebuch.","DoseFlow ist Ihr minimalistischer Medikamenten-Erinnerer und Wassertracker, der Ihre tägliche Gesundheitsroutine einfach und übersichtlich gestaltet.

Hauptmerkmale:
- 1-Klick Medikamentenprotokoll: Einnahme als eingenommen, übersprungen oder verschoben markieren.
- Intelligente Erinnerungen: Pünktliche Benachrichtigungen für Ihre Dosis.
- Hydratations- & Wassertracker: Erfassen Sie Ihre tägliche Wasseraufnahme.
- 100% Datenschutz: Alle Daten bleiben lokal auf Ihrem Gerät gespeichert. Keine Registrierung erforderlich.
- Verlauf & Statistiken: Detaillierte Übersicht über Einnahmen und Serien.
- Modernes Design: Material 3 Benutzeroberfläche mit hellem und dunklem Modus.

Übernehmen Sie noch heute die Kontrolle über Ihre Gesundheit mit DoseFlow!"
pt-BR,"DoseFlow: Remédios e Água","Lembrete de remédios, rastreador de água e diário de saúde privado.","O DoseFlow é o seu diário minimalista de medicamentos e rastreador de hidratação, projetado para manter sua rotina de saúde organizada sem esforço.

Principais Recursos:
- Registro de medicamentos em 1 toque: Marque tomados, ignorados ou adiados instantaneamente.
- Lembretes inteligentes: Notificações pontuais para você nunca perder uma dose.
- Rastreamento de água: Acompanhe seu consumo diário de água junto com seus remédios.
- Privacidade total: Seus dados de saúde ficam 100% salvos no seu dispositivo. Sem criação de conta.
- Histórico e estatísticas: Visualize sua adesão diária, sequências e relatórios mensais.
- Design limpo e intuitivo: Interface moderna Material 3 com temas claro e escuro.

Cuide da sua saúde diariamente com o DoseFlow!"
ja-JP,"DoseFlow: お薬リマインダー＆水分補給","服薬管理、水分補給トラッカー、プライバシー重視のリマインダーアプリ。","DoseFlowは、毎日の健康習慣をシンプルかつ確実に管理できる、プライバシー重視の服薬・水分補給トラッカーです。

主な機能：
- ワンタップ服薬記録：服用、スキップ、再通知をワンタップで簡単に記録。
- スマートお薬リマインダー：正確な通知で飲み忘れを防止。
- 水分補給トラッカー：毎日の水分摂取量を記録して健康をサポート。
- 安心の完全ローカル保存：健康データはすべて端末内に100%安全に保存され、外部に送信されません。アカウント登録も不要です。
- 詳細な履歴と統計：日々の服用率、継続ストリーク、月間レポートを確認可能。
- 洗練されたMaterial 3デザイン：ダークモード・ライトモード対応の見やすいUI。

DoseFlowで、今日から快適で安心な健康管理を始めましょう！"
vi-VN,"DoseFlow: Nhắc Thuốc & Nước","Nhắc nhở uống thuốc, theo dõi nước uống & bảo mật dữ liệu cá nhân.","DoseFlow là ứng dụng nhật ký uống thuốc và theo dõi nước uống tối giản, giúp bạn duy trì thói quen chăm sóc sức khỏe hàng ngày một cách dễ dàng và khoa học.

Tính năng nổi bật:
- Ghi chép 1 chạm: Đánh dấu đã uống, bỏ qua hoặc hoãn nhắc nhở chỉ với một thao tác.
- Nhắc nhở thông minh: Thông báo đúng giờ giúp bạn không bao giờ quên liều thuốc.
- Theo dõi lượng nước: Ghi lại lượng nước uống hàng ngày cùng lịch uống thuốc.
- Bảo mật tuyệt đối: Tất cả dữ liệu sức khỏe lưu trữ 100% trên thiết bị của bạn. Không cần tạo tài khoản.
- Lịch sử & Báo cáo: Xem lại tiến độ tuân thủ hàng ngày, chuỗi ngày liên tục và lịch sử tháng.
- Giao diện Material 3 hiện đại: Hỗ trợ chế độ sáng/tối tối ưu trải nghiệm thị giác.

Hãy cùng DoseFlow làm chủ sức khỏe của bạn ngay hôm nay!"
hi-IN,"DoseFlow: दवा और पानी रिमाइंडर","दवा रिमाइंडर, पानी का ट्रैकर और पूरी तरह से सुरक्षित सेहत डायरी।","DoseFlow आपकी दैनिक स्वास्थ्य दिनचर्या को सरल और व्यवस्थित रखने के लिए एक मिनिमलिस्ट और सुरक्षित दवा और पानी ट्रैकिंग ऐप है।

मुख्य विशेषताएं:
- 1-टैप दवा ट्रैकिंग: ली गई, छोड़ी गई या स्थगित की गई खुराक को तुरंत दर्ज करें।
- स्मार्ट दवा रिमाइंडर: समय पर नोटिफिकेशन ताकि आप कोई खुराक न भूलें।
- जल एवं हाइड्रेशन ट्रैकर: अपनी दवाओं के साथ दैनिक पानी की खपत को ट्रैक करें।
- पूर्ण गोपनीयता: आपका सारा स्वास्थ्य डेटा 100% आपके फोन पर ही सुरक्षित रहता है। कोई अकाउंट बनाने की आवश्यकता नहीं है।
- विस्तृत इतिहास और रिपोर्ट: अपनी दैनिक प्रगति, स्ट्रीक आंकड़े और मासिक रिपोर्ट देखें।
- आधुनिक डिज़ाइन: हाई-कंट्रास्ट डार्क और लाइट थीम के साथ सुंदर UI।

आज ही DoseFlow के साथ अपनी दैनिक सेहत का ध्यान रखें!"
